page_key,parent_key,level,url_path,file_path,title,sidebar_label,directory,extension,has_frontmatter,line_count
Home,,1,/,site/docs/index.mdx,Who Assassinated Charlie Kirk,Who Assassinated Charlie Kirk,,mdx,yes,165
After,Home,2,/After,site/docs/After/overview.mdx,After Events,After Events,After,mdx,yes,62
After_Orders_And_Secrecy,After,3,/After/Legal_Process_Gag_Orders_And_Secrecy,site/docs/After/Legal_Process_Gag_Orders_And_Secrecy.mdx,"Legal Process, Gag Orders, and Hearing Secrecy (As Reported and Claims)","Legal Process, Gag Orders, and Hearing Secrecy (As Reported and Claims)",After,md,no,70
After_And_Censorship_After,After,3,/After/Media_Narratives_And_Censorship_After,site/docs/After/Media_Narratives_And_Censorship_After.mdx,Media Narratives and Censorship Concerns After the UVU Event (Claims),Media Narratives and Censorship Concerns After the UVU Event (Claims),After,mdx,no,70
After_Crime_Scene_Handling,After,3,/After/Site_Changes_And_Crime_Scene_Handling,site/docs/After/Site_Changes_And_Crime_Scene_Handling.mdx,Site Changes and Crime‑Scene Handling After the UVU Event (Claims),Site Changes and Crime‑Scene Handling After the UVU Event (Claims),After,mdx,no,59
Before,Home,2,/Before,site/docs/Before/overview.mdx,Before Events,Before Events,Before,mdx,yes,62
Before_And_Meetings_2025,Before,3,/Before/Political_Pressure_And_Meetings_2025,site/docs/Before/Political_Pressure_And_Meetings_2025.mdx,2025 Political Pressure and Key Meetings Before UVU (Claims),2025 Political Pressure and Key Meetings Before UVU (Claims),Before,mdx,no,85
Before_Searches_And_Recon,Before,3,/Before/PreEvent_Searches_And_Recon,site/docs/Before/PreEvent_Searches_And_Recon.mdx,Reported Pre‑Event Searches and Reconnaissance (Claims),Reported Pre‑Event Searches and Reconnaissance (Claims),Before,mdx,no,75
CIA,Home,2,/CIA,site/docs/CIA/overview.mdx,CIA,CIA,CIA,mdx,yes,52
Censorship,Home,2,/Censorship,site/docs/Censorship/overview.mdx,Overview,Censorship,Censorship,mdx,yes,42
Charlie,Home,2,/Charlie,site/docs/Charlie/overview.mdx,Charlie Kirk,Charlie Kirk,Charlie,mdx,yes,147
Charlie_Autopsy,Charlie,3,/Charlie/Autopsy,site/docs/Charlie/Autopsy.mdx,Charlie Kirk Autopsy,Charlie Kirk Autopsy,Charlie,mdx,yes,73
Charlie_Autopsy_Law_Practices,Charlie,3,/Charlie/Autopsy_Law_Practices,site/docs/Charlie/Autopsy_Law_Practices.mdx,"Utah Autopsy Law, Medical‑Examiner Practices, and Commentary (Claims)","Utah Autopsy Law, Medical‑Examiner Practices, and Commentary (Claims)",Charlie,md,no,69
Charlie_Israel_Donors_Motive,Charlie,3,/Charlie/Israel_Donors_Motive,site/docs/Charlie/Israel_Donors_Motive.mdx,"Charlie, Israel, Donors, and Motive Claims","Charlie, Israel, Donors, and Motive Claims",Charlie,md,no,79
CoverUp,Home,2,/CoverUp,site/docs/CoverUp/overview.mdx,(Possible) Cover‑up,(Possible) Cover‑up,CoverUp,mdx,yes,63
Drones,Home,2,/Drones,site/docs/Drones/overview.mdx,Drones,Drones,Drones,mdx,yes,52
FBI,Home,2,/FBI,site/docs/FBI/overview.mdx,FBI Investigation,FBI Investigation,FBI,mdx,yes,91
FBI_Connecticut,FBI,3,/FBI/Connecticut,site/docs/FBI/Connecticut.mdx,FBI Connecticut,FBI Connecticut,FBI,mdx,no,23
Fix,Home,2,/Fix,site/docs/Fix/overview.mdx,Fix the Charlie Kirk Situation,Fix the Charlie Kirk Situation,Fix,mdx,yes,304
Fix_Churches,Fix,3,/Fix/Churches,site/docs/Fix/Churches.mdx,Ask Churches to Ensure Justice Happens,Ask Churches to Ensure Justice Happens,Fix,mdx,no,94
Fix_Conclusion_Logic,Fix,3,/Fix/Conclusion_Logic,site/docs/Fix/Conclusion_Logic.mdx,Conclusion Logic: Evidence Thresholds,Conclusion Logic: Evidence Thresholds,Fix,mdx,no,138
Fix_Digital_Evidence,Fix,3,/Fix/Digital_Evidence,site/docs/Fix/Digital_Evidence.mdx,Digital Evidence Preservation,Digital Evidence Preservation,Fix,mdx,yes,158
Fix_Discovery_Rights,Fix,3,/Fix/Discovery_Rights,site/docs/Fix/Discovery_Rights.mdx,Discovery Rights Reform,Discovery Rights Reform,Fix,mdx,yes,134
Fix_Event_Security,Fix,3,/Fix/Event_Security,site/docs/Fix/Event_Security.mdx,Event Security Standards,Event Security Standards,Fix,mdx,yes,165
Fix_Foreign_Influence,Fix,3,/Fix/Foreign_Influence,site/docs/Fix/Foreign_Influence.mdx,Foreign Influence Transparency,Foreign Influence Transparency,Fix,mdx,yes,142
Fix_Law1,Fix,3,/Fix/Law1,site/docs/Fix/Law1.mdx,Law 1: Force Information Disclosure,Law 1: Force Information Disclosure,Fix,mdx,no,133
Fix_Law2,Fix,3,/Fix/Law2,site/docs/Fix/Law2.mdx,Law 2: Intelligence Disclosure,Law 2: Intelligence Disclosure,Fix,mdx,no,125
Fix_Law3,Fix,3,/Fix/Law3,site/docs/Fix/Law3.mdx,Law 3: Mandate the Investigation,Law 3: Mandate the Investigation,Fix,mdx,no,130
Fix_Law4,Fix,3,/Fix/Law4,site/docs/Fix/Law4.mdx,Law 4: Trusted Investigators,Law 4: Trusted Investigators,Fix,mdx,no,139
Fix_Media_Reform,Fix,3,/Fix/Media_Reform,site/docs/Fix/Media_Reform.mdx,Media and Journalism Transparency,Media and Journalism Transparency,Fix,mdx,yes,146
Fix_Medical_Transparency,Fix,3,/Fix/Medical_Transparency,site/docs/Fix/Medical_Transparency.mdx,Medical Examiner Transparency,Medical Examiner Transparency,Fix,mdx,yes,135
Fix_Politicans,Fix,3,/Fix/Politicans,site/docs/Fix/Politicans.mdx,Vote out Cover-Up Politicians,Vote out Cover-Up Politicians,Fix,mdx,yes,71
Fix_TSUSA,Fix,3,/Fix/TSUSA,site/docs/Fix/TSUSA.mdx,TSUSA: Ethically Aligned with Charlie Kirk,TSUSA: Ethically Aligned with Charlie Kirk,Fix,mdx,no,117
Fix_Victim_Family_Rights,Fix,3,/Fix/Victim_Family_Rights,site/docs/Fix/Victim_Family_Rights.mdx,Victim Family Rights,Victim Family Rights,Fix,mdx,yes,156
Fix_Whistleblower,Fix,3,/Fix/Whistleblower,site/docs/Fix/Whistleblower.mdx,Whistleblower Protections,Whistleblower Protections,Fix,mdx,yes,142
GoogleSearches,Home,2,/GoogleSearches,site/docs/GoogleSearches/overview.mdx,Google Searches,Google Searches,GoogleSearches,mdx,no,38
Gun_Bullet,Home,2,/Gun_Bullet,site/docs/Gun_Bullet/overview.mdx,Gun & Bullet Analysis,Gun & Bullet Analysis,Gun_Bullet,mdx,no,105
Influencers,Home,2,/Influencers,site/docs/Influencers/overview.mdx,Podcast Coverage,Podcast Coverage,Influencers,mdx,yes,60
Influencers_podcasts,Influencers,3,/Influencers/podcasts,site/docs/Influencers/podcasts.mdx,Podcast Coverage,Podcast Coverage,Influencers,mdx,yes,74
Influencers_podcasts_alex_jones,Influencers,3,/Influencers/podcasts-alex-jones,site/docs/Influencers/podcasts-alex-jones.mdx,Alex Jones — InfoWars,Alex Jones — InfoWars,Influencers,mdx,no,63
Influencers_podcasts_baron,Influencers,3,/Influencers/podcasts-baron,site/docs/Influencers/podcasts-baron.mdx,Baron Coleman,Baron Coleman,Influencers,mdx,no,67
Influencers_podcasts_benny_johnson,Influencers,3,/Influencers/podcasts-benny-johnson,site/docs/Influencers/podcasts-benny-johnson.mdx,Benny Johnson — The Benny Show,Benny Johnson — The Benny Show,Influencers,mdx,no,69
Influencers_podcasts_candace_owens,Influencers,3,/Influencers/podcasts-candace-owens,site/docs/Influencers/podcasts-candace-owens.mdx,Candace Owens Show,Candace Owens Show,Influencers,mdx,no,81
Influencers_charlie_kirk_show,Influencers,3,/Influencers/podcasts-charlie-kirk-show,site/docs/Influencers/podcasts-charlie-kirk-show.mdx,The Charlie Kirk Show,The Charlie Kirk Show,Influencers,mdx,no,66
Influencers_podcasts_dave_smith,Influencers,3,/Influencers/podcasts-dave-smith,site/docs/Influencers/podcasts-dave-smith.mdx,Dave Smith — Part of the Problem,Dave Smith — Part of the Problem,Influencers,mdx,no,83
Influencers_podcasts_elijah_schaffer,Influencers,3,/Influencers/podcasts-elijah-schaffer,site/docs/Influencers/podcasts-elijah-schaffer.mdx,Elijah Schaffer — Slightly Offensive,Elijah Schaffer — Slightly Offensive,Influencers,mdx,no,70
Influencers_podcasts_glenn_greenwald,Influencers,3,/Influencers/podcasts-glenn-greenwald,site/docs/Influencers/podcasts-glenn-greenwald.mdx,Glenn Greenwald — System Update,Glenn Greenwald — System Update,Influencers,mdx,no,64
Influencers_podcasts_hodgetwins,Influencers,3,/Influencers/podcasts-hodgetwins,site/docs/Influencers/podcasts-hodgetwins.mdx,Hodgetwins,Hodgetwins,Influencers,mdx,no,63
Influencers_podcasts_ian_carroll,Influencers,3,/Influencers/podcasts-ian-carroll,site/docs/Influencers/podcasts-ian-carroll.mdx,Ian Carroll,Ian Carroll,Influencers,mdx,no,78
Influencers_podcasts_jason_whitlock,Influencers,3,/Influencers/podcasts-jason-whitlock,site/docs/Influencers/podcasts-jason-whitlock.mdx,Jason Whitlock — Fearless,Jason Whitlock — Fearless,Influencers,mdx,no,58
Influencers_podcasts_jimmy_dore,Influencers,3,/Influencers/podcasts-jimmy-dore,site/docs/Influencers/podcasts-jimmy-dore.mdx,The Jimmy Dore Show,The Jimmy Dore Show,Influencers,mdx,no,71
Influencers_podcasts_joe_rogan,Influencers,3,/Influencers/podcasts-joe-rogan,site/docs/Influencers/podcasts-joe-rogan.mdx,The Joe Rogan Experience,The Joe Rogan Experience,Influencers,mdx,no,64
Influencers_podcasts_megyn_kelly,Influencers,3,/Influencers/podcasts-megyn-kelly,site/docs/Influencers/podcasts-megyn-kelly.mdx,The Megyn Kelly Show,The Megyn Kelly Show,Influencers,mdx,no,80
Influencers_patrick_bet_david,Influencers,3,/Influencers/podcasts-patrick-bet-david,site/docs/Influencers/podcasts-patrick-bet-david.mdx,Patrick Bet-David — PBD Podcast,Patrick Bet-David — PBD Podcast,Influencers,mdx,no,56
Influencers_podcasts_project_constitution,Influencers,3,/Influencers/podcasts-project-constitution,site/docs/Influencers/podcasts-project-constitution.mdx,Project Constitution,Project Constitution,Influencers,mdx,no,84
Influencers_podcasts_shawn_ryan,Influencers,3,/Influencers/podcasts-shawn-ryan,site/docs/Influencers/podcasts-shawn-ryan.mdx,Shawn Ryan Show,Shawn Ryan Show,Influencers,mdx,no,65
Influencers_podcasts_steve_bannon,Influencers,3,/Influencers/podcasts-steve-bannon,site/docs/Influencers/podcasts-steve-bannon.mdx,Steve Bannon — War Room,Steve Bannon — War Room,Influencers,mdx,no,84
Influencers_podcasts_stew_peters,Influencers,3,/Influencers/podcasts-stew-peters,site/docs/Influencers/podcasts-stew-peters.mdx,The Stew Peters Show,The Stew Peters Show,Influencers,mdx,no,67
Influencers_podcasts_tucker_carlson,Influencers,3,/Influencers/podcasts-tucker-carlson,site/docs/Influencers/podcasts-tucker-carlson.mdx,Tucker Carlson Podcast,Tucker Carlson Podcast,Influencers,mdx,no,80
Influencers_x,Influencers,3,/Influencers/x,site/docs/Influencers/x.mdx,X (Twitter) Coverage,X (Twitter) Coverage,Influencers,mdx,yes,26
Influencers_youtube,Influencers,3,/Influencers/youtube,site/docs/Influencers/youtube.mdx,YouTube Coverage,YouTube Coverage,Influencers,mdx,yes,26
Israel,Home,2,/Israel,site/docs/Israel/overview.mdx,Israel,Israel,Israel,mdx,yes,62
Israel_Charlie_Quotes_Israel,Israel,3,/Israel/Charlie_Quotes_Israel,site/docs/Israel/Charlie_Quotes_Israel.mdx,Reported Charlie Kirk Quotes About Israel and Donors (Claims),Reported Charlie Kirk Quotes About Israel and Donors (Claims),Israel,mdx,no,78
Israel_And_Connectivity_Claims,Israel,3,/Israel/Israeli_Presence_And_Connectivity_Claims,site/docs/Israel/Israeli_Presence_And_Connectivity_Claims.mdx,Alleged Israeli Presence and Connectivity at UVU and in the Case (Claims),Alleged Israeli Presence and Connectivity at UVU and in the Case (Claims),Israel,mdx,no,69
Israel_Search_Patterns_Claims,Israel,3,/Israel/Israeli_Search_Patterns_Claims,site/docs/Israel/Israeli_Search_Patterns_Claims.mdx,Reported Israeli Search‑Pattern and IP Activity (Claims),Reported Israeli Search‑Pattern and IP Activity (Claims),Israel,mdx,no,69
Israel_foreign_leads,Israel,3,/Israel/foreign-leads,site/docs/Israel/foreign-leads.mdx,Israel Foreign Leads,Israel Foreign Leads,Israel,mdx,no,35
Israel_israel_hamptons,Israel,3,/Israel/israel-hamptons,site/docs/Israel/israel-hamptons.mdx,Israel Hamptons,Israel Hamptons,Israel,mdx,no,39
Israel_israel_pm,Israel,3,/Israel/israel-pm,site/docs/Israel/israel-pm.mdx,Israel PM,Israel PM,Israel,mdx,no,39
Israel_israelis_at_uvu,Israel,3,/Israel/israelis-at-uvu,site/docs/Israel/israelis-at-uvu.mdx,Israelis at UVU,Israelis at UVU,Israel,mdx,no,43
Israel_motivation,Israel,3,/Israel/motivation,site/docs/Israel/motivation.mdx,Israel's Motivation to Kill Charlie,Israel's Motivation to Kill Charlie,Israel,mdx,no,45
Killer,Home,2,/Killer,site/docs/Killer/overview.mdx,Real Killer,Real Killer,Killer,mdx,yes,71
Killer_Close_Range_Theories,Killer,3,/Killer/Close_Range_Theories,site/docs/Killer/Close_Range_Theories.mdx,"Close‑Range “Real Killer” Theories (Tent, Van, Palm Gun)","Close‑Range “Real Killer” Theories (Tent, Van, Palm Gun)",Killer,md,no,71
Killer_Coverup_Indicators,Killer,3,/Killer/Coverup_Indicators,site/docs/Killer/Coverup_Indicators.mdx,Alleged Cover‑Up Indicators Relevant to the “Real Killer” Question (Claims),Alleged Cover‑Up Indicators Relevant to the “Real Killer” Question (Claims),Killer,mdx,no,74
Killer_Patsies_Distraction_Actors,Killer,3,/Killer/Patsies_Distraction_Actors,site/docs/Killer/Patsies_Distraction_Actors.mdx,Alleged Patsies and Distraction Actors (Claims),Alleged Patsies and Distraction Actors (Claims),Killer,mdx,no,91
Killer_israel_mossad,Killer,3,/Killer/israel-mossad,site/docs/Killer/israel-mossad.mdx,Theory: Israel / Mossad,Theory: Israel / Mossad,Killer,mdx,no,67
Killer_more_theories,Killer,3,/Killer/more-theories,site/docs/Killer/more-theories.mdx,More Theories,More Theories,Killer,mdx,no,66
Killer_tyler_robinson,Killer,3,/Killer/tyler-robinson,site/docs/Killer/tyler-robinson.mdx,Theory: Tyler Robinson — Official Suspect,Theory: Tyler Robinson — Official Suspect,Killer,mdx,no,65
Killer_us_intelligence,Killer,3,/Killer/us-intelligence,site/docs/Killer/us-intelligence.mdx,Theory: US Intelligence,Theory: US Intelligence,Killer,mdx,no,67
Locations,Home,2,/Locations,site/docs/Locations/overview.mdx,Locations,Locations,Locations,mdx,yes,44
Media,Home,2,/Media,site/docs/Media/overview.mdx,Media Articles,Media Articles,Media,mdx,yes,62
Media_Censorship,Media,3,/Media/Censorship,site/docs/Media/Censorship.mdx,Media Censorship,Media Censorship,Media,mdx,no,129
Medical,Home,2,/Medical,site/docs/Medical/overview.mdx,Medical Analysis,Medical Analysis,Medical,mdx,yes,38
Medical_and_medical_examiner,Medical,3,/Medical/autopsy_and_medical_examiner,site/docs/Medical/autopsy_and_medical_examiner.mdx,Autopsy And Medical Examiner,Autopsy And Medical Examiner,Medical,mdx,no,37
Medical_and_wound_analysis,Medical,3,/Medical/ballistics_and_wound_analysis,site/docs/Medical/ballistics_and_wound_analysis.mdx,Ballistics And Wound Analysis,Ballistics And Wound Analysis,Medical,mdx,no,32
Medical_and_site_changes,Medical,3,/Medical/construction_and_site_changes,site/docs/Medical/construction_and_site_changes.mdx,Construction And Site Changes,Construction And Site Changes,Medical,mdx,no,33
Medical_and_cell_forensics,Medical,3,/Medical/data_manipulation_and_cell_forensics,site/docs/Medical/data_manipulation_and_cell_forensics.mdx,Data Manipulation and Cell Forensics,Data Manipulation and Cell Forensics,Medical,mdx,no,39
Medical_and_emergency_response,Medical,3,/Medical/hospital_and_emergency_response,site/docs/Medical/hospital_and_emergency_response.mdx,Hospital And Emergency Response,Hospital And Emergency Response,Medical,mdx,no,39
Medical_and_audio_theories,Medical,3,/Medical/lapel_mic_and_audio_theories,site/docs/Medical/lapel_mic_and_audio_theories.mdx,Lapel Mic And Audio Theories,Lapel Mic And Audio Theories,Medical,mdx,no,27
Motive,Home,2,/Motive,site/docs/Motive/overview.mdx,Motive,Motive,Motive,mdx,yes,83
Motive_Donors_Israel_ForeignPolicy,Motive,3,/Motive/Donors_Israel_ForeignPolicy,site/docs/Motive/Donors_Israel_ForeignPolicy.mdx,"Donor Pressure, Israel, and Foreign‑Policy Motive Theories (Claims)","Donor Pressure, Israel, and Foreign‑Policy Motive Theories (Claims)",Motive,md,no,82
Motive_Intel_Service_Theories,Motive,3,/Motive/Geopolitical_Intel_Service_Theories,site/docs/Motive/Geopolitical_Intel_Service_Theories.mdx,Geopolitical and Intelligence‑Service Motive Theories (Claims),Geopolitical and Intelligence‑Service Motive Theories (Claims),Motive,mdx,no,86
Motive_Media_Organizational_Dynamics,Motive,3,/Motive/Institutional_Media_Organizational_Dynamics,site/docs/Motive/Institutional_Media_Organizational_Dynamics.mdx,"Institutional, Media, and Organizational Motive Dynamics (Claims)","Institutional, Media, and Organizational Motive Dynamics (Claims)",Motive,md,no,86
Motive_Robinson_Alleged_Motive,Motive,3,/Motive/Tyler_Robinson_Alleged_Motive,site/docs/Motive/Tyler_Robinson_Alleged_Motive.mdx,Tyler Robinson’s Alleged Personal and Ideological Motives (As Reported),Tyler Robinson’s Alleged Personal and Ideological Motives (As Reported),Motive,mdx,no,55
Other,Home,2,/Other,site/docs/Other/overview.mdx,Other Topics,Other Topics,Other,mdx,yes,35
Patsys,Home,2,/Patsys,site/docs/Patsys/overview.mdx,Possible Distraction Patsys,Possible Distraction Patsys,Patsys,mdx,no,23
People,Home,2,/People,site/docs/People/overview.mdx,People,People,People,mdx,yes,70
People_Central_Figures,People,3,/People/Central_Figures,site/docs/People/Central_Figures.mdx,Central Figures in the Charlie Kirk Case (Context Only),Central Figures in the Charlie Kirk Case (Context Only),People,mdx,no,51
People_And_Close_Associates,People,3,/People/Families_And_Close_Associates,site/docs/People/Families_And_Close_Associates.mdx,Families and Close Associates (Context Only),Families and Close Associates (Context Only),People,mdx,no,54
People_Officials_And_Institutions,People,3,/People/Officials_And_Institutions,site/docs/People/Officials_And_Institutions.mdx,Officials and Institutions Frequently Mentioned (Context Only),Officials and Institutions Frequently Mentioned (Context Only),People,mdx,no,76
People_Security_And_CitizenInvestigators,People,3,/People/Witnesses_Security_And_CitizenInvestigators,site/docs/People/Witnesses_Security_And_CitizenInvestigators.mdx,"Witnesses, Security Personnel, and Citizen Investigators (Context Only)","Witnesses, Security Personnel, and Citizen Investigators (Context Only)",People,md,no,69
People_andrew_kolvet,People,3,/People/andrew-kolvet,site/docs/People/andrew-kolvet.mdx,Andrew Kolvet,Andrew Kolvet,People,mdx,yes,62
People_ben_shapiro,People,3,/People/ben-shapiro,site/docs/People/ben-shapiro.mdx,Ben Shapiro,Ben Shapiro,People,mdx,yes,59
People_candace_owens,People,3,/People/candace-owens,site/docs/People/candace-owens.mdx,Candace Owens,Candace Owens,People,mdx,yes,69
People_charlie_kirk,People,3,/People/charlie-kirk,site/docs/People/charlie-kirk.mdx,Charlie Kirk,Charlie Kirk,People,mdx,yes,74
People_erika_kirk,People,3,/People/erika-kirk,site/docs/People/erika-kirk.mdx,Erika Kirk,Erika Kirk,People,mdx,yes,60
People_ian_carroll,People,3,/People/ian-carroll,site/docs/People/ian-carroll.mdx,Ian Carroll,Ian Carroll,People,mdx,yes,67
People_josh_hammer,People,3,/People/josh-hammer,site/docs/People/josh-hammer.mdx,Josh Hammer,Josh Hammer,People,mdx,yes,67
People_lance_twiggs,People,3,/People/lance-twiggs,site/docs/People/lance-twiggs.mdx,Lance Twiggs,Lance Twiggs,People,mdx,yes,63
People_rick_cutler,People,3,/People/rick-cutler,site/docs/People/rick-cutler.mdx,Rick Cutler,Rick Cutler,People,mdx,yes,57
People_rob_mccoy,People,3,/People/rob-mccoy,site/docs/People/rob-mccoy.mdx,Rob McCoy,Rob McCoy,People,mdx,yes,66
People_tucker_carlson,People,3,/People/tucker-carlson,site/docs/People/tucker-carlson.mdx,Tucker Carlson,Tucker Carlson,People,mdx,yes,62
People_tyler_robinson,People,3,/People/tyler-robinson,site/docs/People/tyler-robinson.mdx,Tyler Robinson,Tyler Robinson,People,mdx,yes,70
Photos,Home,2,/Photos,site/docs/Photos/overview.mdx,Photos,Photos,Photos,mdx,yes,49
Planes,Home,2,/Planes,site/docs/Planes/overview.mdx,Planes,Planes,Planes,mdx,yes,80
Planes_N1098L,Planes,3,/Planes/N1098L,site/docs/Planes/N1098L/overview.mdx,N1098L Spy Plane,N1098L Spy Plane,Planes/N1098L,mdx,no,75
Planes_SU_BTT,Planes,3,/Planes/SU-BTT,site/docs/Planes/SU-BTT.mdx,SU-BTT Egyptian Jet,SU-BTT Egyptian Jet,Planes,mdx,no,80
Planes_SAM_99_0404,Planes,3,/Planes/SAM-99-0404,site/docs/Planes/SAM-99-0404.mdx,SAM 99-0404 Flight,SAM 99-0404 Flight,Planes,mdx,no,80
Planes_Egyptian_Armada,Planes,3,/Planes/Egyptian-Armada,site/docs/Planes/Egyptian-Armada.mdx,Egyptian Plane Armada,Egyptian Plane Armada,Planes,mdx,no,75
Planes_N888KG,Planes,3,/Planes/N888KG,site/docs/Planes/N888KG.mdx,N888KG Wendover Vanish,N888KG Wendover Vanish,Planes,mdx,no,75
Planes_ISR_Operations,Planes,3,/Planes/ISR-Operations,site/docs/Planes/ISR-Operations.mdx,ISR Program Context,ISR Program Context,Planes,mdx,no,80
Proof_Intel_Services,Home,2,/Proof_Intel_Services,site/docs/Proof_Intel_Services/overview.mdx,Proof Intel Services,Proof Intel Services,Proof_Intel_Services,mdx,no,70
Proof_Not_Tyler,Home,2,/Proof_Not_Tyler,site/docs/Proof_Not_Tyler/overview.mdx,Proof Not Tyler,Proof Not Tyler,Proof_Not_Tyler,mdx,no,60
Shooting_Locations,Home,2,/Shooting_Locations,site/docs/Shooting_Locations/overview.mdx,Possible Shooter Locations,Possible Shooter Locations,Shooting_Locations,mdx,yes,62
TPUSA,Home,2,/TPUSA,site/docs/TPUSA/overview.mdx,TPUSA (Turning Point USA),TPUSA (Turning Point USA),TPUSA,mdx,yes,63
TPUSA_TPUSA,TPUSA,3,/TPUSA/TPUSA,site/docs/TPUSA/TPUSA.mdx,TPUSA Organization,TPUSA Organization,TPUSA,mdx,no,59
Tent,Home,2,/Tent,site/docs/Tent/overview.mdx,Tent,Tent,Tent,mdx,yes,54
Theories,Home,2,/Theories,site/docs/Theories/overview.mdx,Theories,Theories,Theories,mdx,yes,64
Timeline,Home,2,/Timeline,site/docs/Timeline/overview.mdx,Timeline Overview,Timeline Overview,Timeline,mdx,yes,97
Timeline_2025,Timeline,3,/Timeline/2025,site/docs/Timeline/2025.mdx,Timeline 2025,2025,Timeline,mdx,yes,55
Timeline_2026,Timeline,3,/Timeline/2026,site/docs/Timeline/2026.mdx,Timeline 2026,2026,Timeline,mdx,yes,32
Timeline_Charlie_Kirk,Timeline,3,/Timeline/Charlie_Kirk,site/docs/Timeline/Charlie_Kirk.mdx,Charlie Kirk Timeline,Charlie Kirk,Timeline,mdx,yes,49
Timeline_Sept_10_2025,Timeline,3,/Timeline/Sept_10_2025,site/docs/Timeline/Sept_10_2025.mdx,"September 10, 2025 – Day‑of Timeline (Reported Facts and Claims)","September 10, 2025 – Day‑of Timeline (Reported Facts and Claims)",Timeline,md,no,78
Timeline_8_to_13,Timeline,3,/Timeline/Sept_8_to_13,site/docs/Timeline/Sept_8_to_13.mdx,"September 8–13, 2025: Full Timeline",Sept 8–13,Timeline,md,yes,162
Timeline_Tyler_Robinson,Timeline,3,/Timeline/Tyler_Robinson,site/docs/Timeline/Tyler_Robinson.mdx,Tyler Robinson Timeline,Tyler Robinson,Timeline,mdx,yes,104
Timeline_Robinson_2025_Sept,Timeline,4,/Timeline/Tyler_Robinson/2025_Sept,site/docs/Timeline/Tyler_Robinson/2025_Sept.mdx,Tyler Robinson: Sept 8–13,Tyler: Sept 8–13,Timeline/Tyler_Robinson,mdx,yes,167
Timeline_Affidavit_Probable_Cause,Timeline,4,/Timeline/Tyler_Robinson/Affidavit_Probable_Cause,site/docs/Timeline/Tyler_Robinson/Affidavit_Probable_Cause.mdx,Affidavit of Probable Cause,Affidavit of Probable Cause,Timeline/Tyler_Robinson,mdx,yes,36
Timeline_Tyler_Robinson_Mirandizing,Timeline,4,/Timeline/Tyler_Robinson/Mirandizing,site/docs/Timeline/Tyler_Robinson/Mirandizing.mdx,Mirandizing of Tyler Robinson,Mirandizing,Timeline/Tyler_Robinson,mdx,yes,135
Timeline_Year_2024,Timeline,3,/Timeline/Year_2024,site/docs/Timeline/Year_2024.mdx,2024 Pre‑Event Timeline (Searches and Early Signals – Claims),2024 Pre‑Event Timeline (Searches and Early Signals – Claims),Timeline,mdx,no,52
Timeline_Year_2025,Timeline,3,/Timeline/Year_2025,site/docs/Timeline/Year_2025.mdx,2025 Context Timeline (Claims and Reported Events),2025 Context Timeline (Claims and Reported Events),Timeline,mdx,no,92
Timeline_years,Timeline,3,/Timeline/years,site/docs/Timeline/years.mdx,Timeline by Year,Timeline by Year,Timeline,mdx,yes,79
Topic_Analyses,Home,2,/Topic-Analyses,site/docs/Topic-Analyses.mdx,Topic Analyses,Topic Analyses,,mdx,yes,42
Topics,Home,2,/Topics,site/docs/Topics.mdx,Investigation Topics,Investigation Topics,,mdx,yes,56
Topics3,Home,2,/Topics3,site/docs/Topics3/overview.mdx,Topics3 Directory,Topics3 Directory,Topics3,mdx,yes,58
Topics3_After,Topics3,3,/Topics3/After,site/docs/Topics3/After/overview.mdx,After,After,Topics3/After,mdx,no,29
Topics3_Before,Topics3,3,/Topics3/Before,site/docs/Topics3/Before/overview.mdx,Before,Before,Topics3/Before,mdx,no,27
Topics3_CIA,Topics3,3,/Topics3/CIA,site/docs/Topics3/CIA/overview.mdx,CIA,CIA,Topics3/CIA,mdx,no,27
Topics3_Drones,Topics3,3,/Topics3/Drones,site/docs/Topics3/Drones/overview.mdx,Drones,Drones,Topics3/Drones,mdx,no,27
Topics3_FBI,Topics3,3,/Topics3/FBI,site/docs/Topics3/FBI/overview.mdx,FBI,FBI,Topics3/FBI,mdx,no,27
Topics3_Israel,Topics3,3,/Topics3/Israel,site/docs/Topics3/Israel/overview.mdx,Israel,Israel,Topics3/Israel,mdx,no,27
Topics3_Location,Topics3,3,/Topics3/Location,site/docs/Topics3/Location/overview.mdx,Location,Location,Topics3/Location,mdx,no,27
Topics3_Locations,Topics3,3,/Topics3/Locations,site/docs/Topics3/Locations/overview.mdx,Locations,Locations,Topics3/Locations,mdx,no,27
Topics3_Maps,Topics3,3,/Topics3/Maps,site/docs/Topics3/Maps/overview.mdx,Maps,Maps,Topics3/Maps,mdx,no,27
Topics3_Medical,Topics3,3,/Topics3/Medical,site/docs/Topics3/Medical/overview.mdx,Medical,Medical,Topics3/Medical,mdx,no,27
Topics3_Other,Topics3,3,/Topics3/Other,site/docs/Topics3/Other/overview.mdx,Other,Other,Topics3/Other,mdx,no,27
Topics3_Photos,Topics3,3,/Topics3/Photos,site/docs/Topics3/Photos/overview.mdx,Photos,Photos,Topics3/Photos,mdx,no,27
Topics3_Podcast_YouTube_Analysis,Topics3,3,/Topics3/Podcast_YouTube_Analysis,site/docs/Topics3/Podcast_YouTube_Analysis/overview.mdx,Podcast YouTube Analysis,Podcast YouTube Analysis,Topics3/Podcast_YouTube_Analysis,mdx,no,27
Topics3_Possible_Shootering_Locations,Topics3,3,/Topics3/Possible Shootering Locations,site/docs/Topics3/Possible Shootering Locations/overview.mdx,Possible Shooting Locations,Possible Shooting Locations,Topics3/Possible Shootering Locations,mdx,no,27
Topics3_South_Stairs,Topics3,3,/Topics3/South Stairs,site/docs/Topics3/South Stairs/overview.mdx,South Stairs,South Stairs,Topics3/South Stairs,mdx,no,27
Topics3_Suspect_Before_Actions,Topics3,3,/Topics3/Suspect Before Actions,site/docs/Topics3/Suspect Before Actions/overview.mdx,Suspect Before Actions,Suspect Before Actions,Topics3/Suspect Before Actions,mdx,no,27
Topics3_Suspects_List,Topics3,3,/Topics3/Suspects (List),site/docs/Topics3/Suspects (List)/overview.mdx,Suspects (List),Suspects (List),Topics3/Suspects (List),mdx,no,27
Topics3_TPUSA,Topics3,3,/Topics3/TPUSA,site/docs/Topics3/TPUSA/overview.mdx,TPUSA,TPUSA,Topics3/TPUSA,mdx,no,27
Topics3_Timeline,Topics3,3,/Topics3/Timeline,site/docs/Topics3/Timeline/overview.mdx,Timeline,Timeline,Topics3/Timeline,mdx,no,27
Topics3_Tyler_Robinson,Topics3,3,/Topics3/Tyler Robinson,site/docs/Topics3/Tyler Robinson/overview.mdx,Tyler Robinson,Tyler Robinson,Topics3/Tyler Robinson,mdx,no,27
Topics3_Tyler_Robinson_Shooting,Topics3,3,/Topics3/Tyler Robinson Shooting,site/docs/Topics3/Tyler Robinson Shooting/overview.mdx,Tyler Robinson Shooting,Tyler Robinson Shooting,Topics3/Tyler Robinson Shooting,mdx,no,27
Topics3_Videos,Topics3,3,/Topics3/Videos,site/docs/Topics3/Videos/overview.mdx,Videos,Videos,Topics3/Videos,mdx,no,27
Topics3_Which,Topics3,3,/Topics3/Which,site/docs/Topics3/Which/overview.mdx,Which,Which,Topics3/Which,mdx,no,27
Topics3_charlie_kirk,Topics3,3,/Topics3/charlie-kirk,site/docs/Topics3/charlie-kirk.mdx,Charlie Kirk,Charlie Kirk,Topics3,mdx,no,8
Tyler_Robinson,Home,2,/Tyler_Robinson,site/docs/Tyler_Robinson/overview.mdx,Tyler Robinson,Tyler Robinson,Tyler_Robinson,mdx,yes,74
Tyler_Robinson_Before,Tyler_Robinson,3,/Tyler_Robinson/Before,site/docs/Tyler_Robinson/Before.mdx,Tyler Robinson Before the Event,Before the Event,Tyler_Robinson,mdx,yes,45
Tyler_Robinson_Girlfriend,Tyler_Robinson,3,/Tyler_Robinson/Girlfriend,site/docs/Tyler_Robinson/Girlfriend/overview.mdx,Tyler Robinson Girlfriend,Tyler Robinson Girlfriend,Tyler_Robinson/Girlfriend,mdx,no,64
Tyler_Robinson_Recruited,Tyler_Robinson,3,/Tyler_Robinson/Recruited,site/docs/Tyler_Robinson/Recruited.mdx,Tyler Robinson Recruited,Tyler Robinson Recruited,Tyler_Robinson,mdx,no,53
Tyler_Robinson_Shooting,Tyler_Robinson,3,/Tyler_Robinson/Shooting,site/docs/Tyler_Robinson/Shooting/overview.mdx,Tyler Robinson Shooting,Shooting,Tyler_Robinson/Shooting,mdx,yes,51
Tyler_Robinson_Travel,Tyler_Robinson,3,/Tyler_Robinson/Travel,site/docs/Tyler_Robinson/Travel.mdx,Tyler Robinson Travel,Tyler Robinson Travel,Tyler_Robinson,mdx,no,69
Tyler_Robinson_Trial,Tyler_Robinson,3,/Tyler_Robinson/Trial,site/docs/Tyler_Robinson/Trial/overview.mdx,Tyler Robinson Trial,Tyler Robinson Trial,Tyler_Robinson/Trial,mdx,yes,78
Tyler_9_10_2025,Tyler_Robinson,3,/Tyler_Robinson/Tyler_9_10_2025,site/docs/Tyler_Robinson/Tyler_9_10_2025.mdx,"Tyler Robinson on September 10, 2025","Tyler Robinson on September 10, 2025",Tyler_Robinson,mdx,no,78
US_Intelligence,Home,2,/US_Intelligence,site/docs/US_Intelligence/overview.mdx,U.S. Intelligence,U.S. Intelligence,US_Intelligence,mdx,no,50
US_Intelligence_cia,US_Intelligence,3,/US_Intelligence/cia,site/docs/US_Intelligence/cia.mdx,CIA,CIA,US_Intelligence,mdx,no,59
UVU,Home,2,/UVU,site/docs/UVU/overview.mdx,UVU,UVU,UVU,mdx,yes,56
UVU_Courtyward,UVU,3,/UVU/Courtyward,site/docs/UVU/Courtyward.mdx,UVU Courtyard,UVU Courtyard,UVU,mdx,yes,45
UVU_maps,UVU,3,/UVU/maps,site/docs/UVU/maps.mdx,UVU Campus Maps,UVU Campus Maps,UVU,mdx,no,23
UVU_pre_shooting_warnings,UVU,3,/UVU/pre-shooting-warnings,site/docs/UVU/pre-shooting-warnings.mdx,Pre-Shooting Warnings: Two Men Contacted UVU the Night Before,Pre-Shooting Warnings: Two Men Contacted UVU the Night Before,UVU,mdx,no,114
Videos,Home,2,/Videos,site/docs/Videos/overview.mdx,Videos,Videos,Videos,mdx,yes,53
Vote,Home,2,/Vote,site/docs/Vote/overview.mdx,Vote,Vote,Vote,mdx,yes,52
Your_Actions_Fix_It,Home,2,/Your_Actions_Fix_It,site/docs/Your_Actions_Fix_It/overview.mdx,Your Actions Fix It,Your Actions Fix It,Your_Actions_Fix_It,mdx,no,99
analysis_documentation,Home,2,/analysis_documentation,site/docs/analysis_documentation/overview.mdx,Analysis Documentation,Analysis Documentation,analysis_documentation,mdx,yes,26
cameras_security,Home,3,/cameras/security,site/docs/cameras/security/overview.mdx,Security Cameras,Security Cameras,cameras/security,mdx,no,40
cameras_UVU_Security_Cameras,cameras_security,4,/cameras/security/UVU_Security_Cameras,site/docs/cameras/security/UVU_Security_Cameras.mdx,UVU Security Cameras,UVU Security Cameras,cameras/security,mdx,no,38
campus_university,Home,2,/campus_university,site/docs/campus_university/overview.mdx,Campus & University,Campus & University,campus_university,mdx,yes,26
conspiracy_theories,Home,2,/conspiracy_theories,site/docs/conspiracy_theories/overview.mdx,Conspiracy Theories,Conspiracy Theories,conspiracy_theories,mdx,yes,26
court_mirandize,Home,3,/court/mirandize,site/docs/court/mirandize/overview.mdx,Mirandizing — Court Evidence,Mirandize Overview,court/mirandize,mdx,yes,64
court_mirandize_grok_analysis,court_mirandize,4,/court/mirandize/grok-analysis,site/docs/court/mirandize/grok-analysis.mdx,Grok AI Analysis: Mirandizing Date,Grok Analysis (PDF),court/mirandize,mdx,yes,39
court_sept_11_image,court_mirandize,4,/court/mirandize/mirandized-sept-11-image,site/docs/court/mirandize/mirandized-sept-11-image.mdx,Image: Mirandized Sept 11 — Bates 003996-R2 Reference,Mirandized Sept 11 (Image),court/mirandize,mdx,yes,61
court_probable_cause_affidavit,court_mirandize,4,/court/mirandize/probable-cause-affidavit,site/docs/court/mirandize/probable-cause-affidavit.mdx,Probable Cause Affidavit (Police Booking),Probable Cause Affidavit,court/mirandize,mdx,yes,50
court_11_grok_image,court_mirandize,4,/court/mirandize/sept-11-grok-image,site/docs/court/mirandize/sept-11-grok-image.mdx,Image: Sept 11 Grok Screenshot — Bates 003996-R2 Analysis,Sept 11 Grok (Image),court/mirandize,mdx,yes,62
gov,Home,2,/gov,site/docs/gov/overview.mdx,Government Evidence,Government Evidence,gov,mdx,no,42
government_organizations,Home,2,/government_organizations,site/docs/government_organizations/overview.mdx,Government Organizations,Government Organizations,government_organizations,mdx,yes,51
intelligence,Home,2,/intelligence,site/docs/intelligence/overview.mdx,Intelligence Services,Intelligence Services,intelligence,mdx,no,47
Mossad,intelligence,3,/intelligence/Mossad,site/docs/intelligence/Mossad.mdx,Mossad,Mossad,intelligence,mdx,no,62
key_individuals,Home,2,/key_individuals,site/docs/key_individuals/overview.mdx,Key Individuals,Key Individuals,key_individuals,mdx,yes,26
legal_investigation,Home,2,/legal_investigation,site/docs/legal_investigation/overview.mdx,Legal Investigation,Legal Investigation,legal_investigation,mdx,yes,26
maps,Home,2,/maps,site/docs/maps/overview.mdx,Maps,Maps,maps,mdx,yes,52
media_response,Home,2,/media_response,site/docs/media_response/overview.mdx,Media Response,Media Response,media_response,mdx,yes,26
organizations_groups,Home,2,/organizations_groups,site/docs/organizations_groups/overview.mdx,Organizations & Groups,Organizations & Groups,organizations_groups,mdx,yes,26
other_topics,Home,2,/other_topics,site/docs/other_topics/overview.mdx,Other Topics,Other Topics,other_topics,mdx,yes,26
political_context,Home,2,/political_context,site/docs/political_context/overview.mdx,Political Context,Political Context,political_context,mdx,yes,26
property_locations,Home,2,/property_locations,site/docs/property_locations/overview.mdx,Property & Locations,Property & Locations,property_locations,mdx,yes,26
security_law_enforcement,Home,2,/security_law_enforcement,site/docs/security_law_enforcement/overview.mdx,Security & Law Enforcement,Security & Law Enforcement,security_law_enforcement,mdx,yes,26
social_media_analysis,Home,2,/social_media_analysis,site/docs/social_media_analysis/overview.mdx,Social Media Analysis,Social Media Analysis,social_media_analysis,mdx,yes,26
technology_surveillance,Home,2,/technology_surveillance,site/docs/technology_surveillance/overview.mdx,Technology & Surveillance,Technology & Surveillance,technology_surveillance,mdx,yes,26
timeline_events,Home,2,/timeline_events,site/docs/timeline_events/overview.mdx,Timeline Events,Timeline Events,timeline_events,mdx,yes,26
trash_aircraft_flight_analysis,Home,3,/trash/aircraft_flight_analysis,site/docs/trash/aircraft_flight_analysis/overview.mdx,Aircraft Flight Analysis Overview,Aircraft Flight Analysis Overview,trash/aircraft_flight_analysis,mdx,no,55
trash_egypt_flight_departure,trash_aircraft_flight_analysis,4,/trash/aircraft_flight_analysis/egypt_flight_departure,site/docs/trash/aircraft_flight_analysis/egypt_flight_departure.mdx,Egypt Flight Departure Analysis,Egypt Flight Departure Analysis,trash/aircraft_flight_analysis,mdx,no,192
trash_analysis_flight_records,trash_aircraft_flight_analysis,4,/trash/aircraft_flight_analysis/flight_records,site/docs/trash/aircraft_flight_analysis/flight_records.mdx,Flight Records Analysis,Flight Records Analysis,trash/aircraft_flight_analysis,mdx,no,201
trash_analysis_n1098l_plane,trash_aircraft_flight_analysis,4,/trash/aircraft_flight_analysis/n1098l_plane,site/docs/trash/aircraft_flight_analysis/n1098l_plane.mdx,N1098L Plane Analysis,N1098L Plane Analysis,trash/aircraft_flight_analysis,mdx,no,158
trash_4th_france_flight,trash_aircraft_flight_analysis,4,/trash/aircraft_flight_analysis/september_4th_france_flight,site/docs/trash/aircraft_flight_analysis/september_4th_france_flight.mdx,September 4th France Flight Analysis,September 4th France Flight Analysis,trash/aircraft_flight_analysis,mdx,no,172
trash_su_bnd_plane,trash_aircraft_flight_analysis,4,/trash/aircraft_flight_analysis/su_bnd_plane,site/docs/trash/aircraft_flight_analysis/su_bnd_plane.mdx,SU-BND Plane Analysis,SU-BND Plane Analysis,trash/aircraft_flight_analysis,mdx,no,178
trash_su_btt_plane,trash_aircraft_flight_analysis,4,/trash/aircraft_flight_analysis/su_btt_plane,site/docs/trash/aircraft_flight_analysis/su_btt_plane.mdx,SU-BTT Plane Analysis,SU-BTT Plane Analysis,trash/aircraft_flight_analysis,mdx,no,198
trash_wilmington_flight_timeline,trash_aircraft_flight_analysis,4,/trash/aircraft_flight_analysis/wilmington_flight_timeline,site/docs/trash/aircraft_flight_analysis/wilmington_flight_timeline.mdx,Wilmington Flight Timeline Analysis,Wilmington Flight Timeline Analysis,trash/aircraft_flight_analysis,mdx,no,191
trash_analysis_documentation,Home,3,/trash/analysis_documentation,site/docs/trash/analysis_documentation/overview.mdx,Analysis and Documentation Overview,Analysis and Documentation Overview,trash/analysis_documentation,mdx,no,54
trash_page_write_up,trash_analysis_documentation,4,/trash/analysis_documentation/10_page_write_up,site/docs/trash/analysis_documentation/10_page_write_up.mdx,Charlie Kirk Assassination: 10-Page Comprehensive Analysis,Charlie Kirk Assassination: 10-Page Comprehensive Analysis,trash/analysis_documentation,mdx,no,229
trash_kirk_assassination_overview,trash_analysis_documentation,4,/trash/analysis_documentation/charlie_kirk_assassination_overview,site/docs/trash/analysis_documentation/charlie_kirk_assassination_overview.mdx,Charlie Kirk Assassination Overview,Charlie Kirk Assassination Overview,trash/analysis_documentation,mdx,no,209
trash_documentation_comprehensive_examination,trash_analysis_documentation,4,/trash/analysis_documentation/comprehensive_examination,site/docs/trash/analysis_documentation/comprehensive_examination.mdx,Comprehensive Examination of the Charlie Kirk Assassination,Comprehensive Examination of the Charlie Kirk Assassination,trash/analysis_documentation,mdx,no,371
trash_documentation_detailed_analysis,trash_analysis_documentation,4,/trash/analysis_documentation/detailed_analysis,site/docs/trash/analysis_documentation/detailed_analysis.mdx,Detailed Analysis of the Charlie Kirk Assassination,Detailed Analysis of the Charlie Kirk Assassination,trash/analysis_documentation,mdx,no,421
trash_heinous_act_description,trash_analysis_documentation,4,/trash/analysis_documentation/heinous_act_description,site/docs/trash/analysis_documentation/heinous_act_description.mdx,Heinous Act Description: The Charlie Kirk Assassination,Heinous Act Description: The Charlie Kirk Assassination,trash/analysis_documentation,mdx,no,316
trash_shockwaves_political_landscape,trash_analysis_documentation,4,/trash/analysis_documentation/shockwaves_political_landscape,site/docs/trash/analysis_documentation/shockwaves_political_landscape.mdx,Shockwaves Through the Political Landscape: The Charlie Kirk Assassination,Shockwaves Through the Political Landscape: The Charlie Kirk Assassination,trash/analysis_documentation,mdx,no,307
trash_campus_university,Home,3,/trash/campus_university,site/docs/trash/campus_university/overview.mdx,Campus and University Overview,Campus and University Overview,trash/campus_university,mdx,no,54
trash_university_administration_response,trash_campus_university,4,/trash/campus_university/administration_response,site/docs/trash/campus_university/administration_response.mdx,University Administration Response to the Charlie Kirk Assassination,University Administration Response to the Charlie Kirk Assassination,trash/campus_university,mdx,no,301
trash_university_campus_security,trash_campus_university,4,/trash/campus_university/campus_security,site/docs/trash/campus_university/campus_security.mdx,Campus Security Analysis: The Charlie Kirk Assassination,Campus Security Analysis: The Charlie Kirk Assassination,trash/campus_university,mdx,no,303
trash_university_faculty_statements,trash_campus_university,4,/trash/campus_university/faculty_statements,site/docs/trash/campus_university/faculty_statements.mdx,Faculty Statements and Responses to the Charlie Kirk Assassination,Faculty Statements and Responses to the Charlie Kirk Assassination,trash/campus_university,mdx,no,75
trash_university_student_reactions,trash_campus_university,4,/trash/campus_university/student_reactions,site/docs/trash/campus_university/student_reactions.mdx,Student Reactions to the Charlie Kirk Assassination,Student Reactions to the Charlie Kirk Assassination,trash/campus_university,mdx,no,120
trash_university_university_response,trash_campus_university,4,/trash/campus_university/university_response,site/docs/trash/campus_university/university_response.mdx,University Response to the Charlie Kirk Assassination,University Response to the Charlie Kirk Assassination,trash/campus_university,mdx,no,93
trash_university_uvu_posts,trash_campus_university,4,/trash/campus_university/uvu_posts,site/docs/trash/campus_university/uvu_posts.mdx,UVU Posts and Social Media Response,UVU Posts and Social Media Response,trash/campus_university,mdx,no,243
trash_conspiracy_theories,Home,3,/trash/conspiracy_theories,site/docs/trash/conspiracy_theories/overview.mdx,Conspiracy Theories Overview,Conspiracy Theories Overview,trash/conspiracy_theories,mdx,no,56
trash_theories_conspiracy_theories,trash_conspiracy_theories,4,/trash/conspiracy_theories/conspiracy_theories,site/docs/trash/conspiracy_theories/conspiracy_theories.mdx,Conspiracy Theories Surrounding the Charlie Kirk Assassination,Conspiracy Theories Surrounding the Charlie Kirk Assassination,trash/conspiracy_theories,mdx,no,118
trash_foreign_government_involvement,trash_conspiracy_theories,4,/trash/conspiracy_theories/foreign_government_involvement,site/docs/trash/conspiracy_theories/foreign_government_involvement.mdx,Foreign Government Involvement in the Charlie Kirk Assassination,Foreign Government Involvement in the Charlie Kirk Assassination,trash/conspiracy_theories,mdx,no,235
trash_theories_foreign_intelligence,trash_conspiracy_theories,4,/trash/conspiracy_theories/foreign_intelligence,site/docs/trash/conspiracy_theories/foreign_intelligence.mdx,Foreign Intelligence Operations in the Charlie Kirk Assassination,Foreign Intelligence Operations in the Charlie Kirk Assassination,trash/conspiracy_theories,mdx,no,244
trash_theories_government_agencies,trash_conspiracy_theories,4,/trash/conspiracy_theories/government_agencies,site/docs/trash/conspiracy_theories/government_agencies.mdx,Government Agencies Involvement in the Charlie Kirk Assassination,Government Agencies Involvement in the Charlie Kirk Assassination,trash/conspiracy_theories,mdx,no,235
trash_israeli_intelligence_theories,trash_conspiracy_theories,4,/trash/conspiracy_theories/israeli_intelligence_theories,site/docs/trash/conspiracy_theories/israeli_intelligence_theories.mdx,Israeli Intelligence Theories in the Charlie Kirk Assassination,Israeli Intelligence Theories in the Charlie Kirk Assassination,trash/conspiracy_theories,mdx,no,88
trash_israeli_involvement_claims,trash_conspiracy_theories,4,/trash/conspiracy_theories/israeli_involvement_claims,site/docs/trash/conspiracy_theories/israeli_involvement_claims.mdx,Israeli Involvement Claims in the Charlie Kirk Assassination,Israeli Involvement Claims in the Charlie Kirk Assassination,trash/conspiracy_theories,mdx,no,56
trash_mossad_involvement_theories,trash_conspiracy_theories,4,/trash/conspiracy_theories/mossad_involvement_theories,site/docs/trash/conspiracy_theories/mossad_involvement_theories.mdx,Mossad Involvement Theories in the Charlie Kirk Assassination,Mossad Involvement Theories in the Charlie Kirk Assassination,trash/conspiracy_theories,mdx,no,59
trash_theories_mossad_theories,trash_conspiracy_theories,4,/trash/conspiracy_theories/mossad_theories,site/docs/trash/conspiracy_theories/mossad_theories.mdx,Mossad Theories in the Charlie Kirk Assassination,Mossad Theories in the Charlie Kirk Assassination,trash/conspiracy_theories,mdx,no,80
trash_government_organizations,Home,3,/trash/government_organizations,site/docs/trash/government_organizations/overview.mdx,Government Organizations Overview,Government Organizations Overview,trash/government_organizations,mdx,no,58
trash_cia_intelligence_agencies,trash_government_organizations,4,/trash/government_organizations/cia_intelligence_agencies,site/docs/trash/government_organizations/cia_intelligence_agencies.mdx,CIA and Intelligence Agency Involvement,CIA and Intelligence Agency Involvement,trash/government_organizations,mdx,no,110
trash_department_of_justice,trash_government_organizations,4,/trash/government_organizations/department_of_justice,site/docs/trash/government_organizations/department_of_justice.mdx,Department of Justice and Legal Response,Department of Justice and Legal Response,trash/government_organizations,mdx,no,87
trash_organizations_fbi_investigation,trash_government_organizations,4,/trash/government_organizations/fbi_investigation,site/docs/trash/government_organizations/fbi_investigation.mdx,FBI Investigation and Government Response,FBI Investigation and Government Response,trash/government_organizations,mdx,no,79
trash_organizations_government_coverup,trash_government_organizations,4,/trash/government_organizations/government_coverup,site/docs/trash/government_organizations/government_coverup.mdx,Government Cover-up and Secrecy,Government Cover-up and Secrecy,trash/government_organizations,mdx,no,103
trash_organizations_military_intelligence,trash_government_organizations,4,/trash/government_organizations/military_intelligence,site/docs/trash/government_organizations/military_intelligence.mdx,Military Intelligence and HADES Program,Military Intelligence and HADES Program,trash/government_organizations,mdx,no,134
government_organizations_us_state_department,trash_government_organizations,4,/trash/government_organizations/us_state_department,site/docs/trash/government_organizations/us_state_department.mdx,U.S. State Department Response to the Charlie Kirk Assassination,U.S. State Department Response to the Charlie Kirk Assassination,trash/government_organizations,mdx,no,138
trash_key_individuals,Home,3,/trash/key_individuals,site/docs/trash/key_individuals/overview.mdx,Key Individuals Overview,Key Individuals Overview,trash/key_individuals,mdx,no,68
trash_apostle_mario_bramnick,trash_key_individuals,4,/trash/key_individuals/apostle_mario_bramnick,site/docs/trash/key_individuals/apostle_mario_bramnick.mdx,apostle_mario_bramnick Analysis,apostle_mario_bramnick Analysis,trash/key_individuals,mdx,no,25
trash_bill_ackman_confrontation,trash_key_individuals,4,/trash/key_individuals/bill_ackman_confrontation,site/docs/trash/key_individuals/bill_ackman_confrontation.mdx,Bill Ackman: Public Commentary Context,Bill Ackman: Public Commentary Context,trash/key_individuals,mdx,no,35
trash_kirk_girlfriend_investigation,trash_key_individuals,4,/trash/key_individuals/charlie_kirk_girlfriend_investigation,site/docs/trash/key_individuals/charlie_kirk_girlfriend_investigation.mdx,Charlie Kirk's Personal Life: Public Reporting,Charlie Kirk's Personal Life: Public Reporting,trash/key_individuals,mdx,no,34
trash_kirk_medal_acceptance,trash_key_individuals,4,/trash/key_individuals/erika_kirk_medal_acceptance,site/docs/trash/key_individuals/erika_kirk_medal_acceptance.mdx,Erika Kirk: Charlie Kirk's Widow (Context and Public Reporting),Erika Kirk: Charlie Kirk's Widow (Context and Public Reporting),trash/key_individuals,mdx,no,57
trash_josh_hammer_intervention,trash_key_individuals,4,/trash/key_individuals/josh_hammer_intervention,site/docs/trash/key_individuals/josh_hammer_intervention.mdx,josh_hammer_intervention Analysis,josh_hammer_intervention Analysis,trash/key_individuals,mdx,no,25
trash_luke_moon_attendance,trash_key_individuals,4,/trash/key_individuals/luke_moon_attendance,site/docs/trash/key_individuals/luke_moon_attendance.mdx,luke_moon_attendance Analysis,luke_moon_attendance Analysis,trash/key_individuals,mdx,no,25
trash_natasha_hausdorff_meeting,trash_key_individuals,4,/trash/key_individuals/natasha_hausdorff_meeting,site/docs/trash/key_individuals/natasha_hausdorff_meeting.mdx,natasha_hausdorff_meeting Analysis,natasha_hausdorff_meeting Analysis,trash/key_individuals,mdx,no,25
trash_rabbi_pesach_wolicki,trash_key_individuals,4,/trash/key_individuals/rabbi_pesach_wolicki,site/docs/trash/key_individuals/rabbi_pesach_wolicki.mdx,Rabbi Pesach Wolicki: Public Commentary Context,Rabbi Pesach Wolicki: Public Commentary Context,trash/key_individuals,mdx,no,35
trash_ralph_reed_meeting,trash_key_individuals,4,/trash/key_individuals/ralph_reed_meeting,site/docs/trash/key_individuals/ralph_reed_meeting.mdx,ralph_reed_meeting Analysis,ralph_reed_meeting Analysis,trash/key_individuals,mdx,no,25
trash_seth_dillon_meeting,trash_key_individuals,4,/trash/key_individuals/seth_dillon_meeting,site/docs/trash/key_individuals/seth_dillon_meeting.mdx,seth_dillon_meeting Analysis,seth_dillon_meeting Analysis,trash/key_individuals,mdx,no,25
trash_individuals_tyler_robinson,trash_key_individuals,4,/trash/key_individuals/tyler_robinson,site/docs/trash/key_individuals/tyler_robinson.mdx,Tyler Robinson: The Accused Assassin,Tyler Robinson: The Accused Assassin,trash/key_individuals,mdx,no,176
trash_tyler_robinson_girlfriend,trash_key_individuals,4,/trash/key_individuals/tyler_robinson_girlfriend,site/docs/trash/key_individuals/tyler_robinson_girlfriend.mdx,Tyler Robinson's Partner: Public Reporting Context,Tyler Robinson's Partner: Public Reporting Context,trash/key_individuals,mdx,no,43
trash_yair_netanyahu_presence,trash_key_individuals,4,/trash/key_individuals/yair_netanyahu_presence,site/docs/trash/key_individuals/yair_netanyahu_presence.mdx,Yair Netanyahu: Claims in Public Commentary,Yair Netanyahu: Claims in Public Commentary,trash/key_individuals,mdx,no,35
trash_yehuda_kaploun_meeting,trash_key_individuals,4,/trash/key_individuals/yehuda_kaploun_meeting,site/docs/trash/key_individuals/yehuda_kaploun_meeting.mdx,yehuda_kaploun_meeting Analysis,yehuda_kaploun_meeting Analysis,trash/key_individuals,mdx,no,25
trash_legal_investigation,Home,3,/trash/legal_investigation,site/docs/trash/legal_investigation/overview.mdx,Legal Investigation Overview,Legal Investigation Overview,trash/legal_investigation,mdx,no,59
trash_investigation_assassination_investigation,trash_legal_investigation,4,/trash/legal_investigation/assassination_investigation,site/docs/trash/legal_investigation/assassination_investigation.mdx,Assassination Investigation: A Comprehensive Analysis,Assassination Investigation: A Comprehensive Analysis,trash/legal_investigation,mdx,no,175
trash_evidence_sealing_2026,trash_legal_investigation,4,/trash/legal_investigation/evidence_sealing_2026,site/docs/trash/legal_investigation/evidence_sealing_2026.mdx,Evidence Sealing 2026: A Critical Analysis,Evidence Sealing 2026: A Critical Analysis,trash/legal_investigation,mdx,no,133
trash_local_law_enforcement,trash_legal_investigation,4,/trash/legal_investigation/fbi_local_law_enforcement,site/docs/trash/legal_investigation/fbi_local_law_enforcement.mdx,FBI and Local Law Enforcement: Investigation Analysis,FBI and Local Law Enforcement: Investigation Analysis,trash/legal_investigation,mdx,no,149
trash_fbi_witness_intimidation,trash_legal_investigation,4,/trash/legal_investigation/fbi_witness_intimidation,site/docs/trash/legal_investigation/fbi_witness_intimidation.mdx,FBI Witness Intimidation: A Critical Analysis,FBI Witness Intimidation: A Critical Analysis,trash/legal_investigation,mdx,no,103
trash_investigation_official_statements,trash_legal_investigation,4,/trash/legal_investigation/official_statements,site/docs/trash/legal_investigation/official_statements.mdx,Official Statements: Analysis and Critique,Official Statements: Analysis and Critique,trash/legal_investigation,mdx,no,103
trash_parent_attorney_selection,trash_legal_investigation,4,/trash/legal_investigation/parent_attorney_selection,site/docs/trash/legal_investigation/parent_attorney_selection.mdx,Parent Attorney Selection: Legal Analysis,Parent Attorney Selection: Legal Analysis,trash/legal_investigation,mdx,no,103
trash_media_response,Home,3,/trash/media_response,site/docs/trash/media_response/overview.mdx,Media Response Overview,Media Response Overview,trash/media_response,mdx,no,67
trash_response_alternative_media,trash_media_response,4,/trash/media_response/alternative_media,site/docs/trash/media_response/alternative_media.mdx,Alternative Media: Truth and Cover-up Exposure,Alternative Media: Truth and Cover-up Exposure,trash/media_response,mdx,no,119
trash_owens_israel_controversies,trash_media_response,4,/trash/media_response/candace_owens_israel_controversies,site/docs/trash/media_response/candace_owens_israel_controversies.mdx,candace_owens_israel_controversies Analysis,candace_owens_israel_controversies Analysis,trash/media_response,mdx,no,27
trash_guardian_kirk_beliefs,trash_media_response,4,/trash/media_response/guardian_kirk_beliefs,site/docs/trash/media_response/guardian_kirk_beliefs.mdx,guardian_kirk_beliefs Analysis,guardian_kirk_beliefs Analysis,trash/media_response,mdx,no,27
trash_israeli_agenda_criticism,trash_media_response,4,/trash/media_response/israeli_agenda_criticism,site/docs/trash/media_response/israeli_agenda_criticism.mdx,israeli_agenda_criticism Analysis,israeli_agenda_criticism Analysis,trash/media_response,mdx,no,27
trash_leaked_kirk_texts,trash_media_response,4,/trash/media_response/leaked_kirk_texts,site/docs/trash/media_response/leaked_kirk_texts.mdx,Leaked Kirk Texts: Media Analysis,Leaked Kirk Texts: Media Analysis,trash/media_response,mdx,no,103
trash_response_mainstream_media,trash_media_response,4,/trash/media_response/mainstream_media,site/docs/trash/media_response/mainstream_media.mdx,Mainstream Media: Bias and Cover-up Analysis,Mainstream Media: Bias and Cover-up Analysis,trash/media_response,mdx,no,117
trash_response_media_coverage,trash_media_response,4,/trash/media_response/media_coverage,site/docs/trash/media_response/media_coverage.mdx,Media Coverage: A Comprehensive Analysis,Media Coverage: A Comprehensive Analysis,trash/media_response,mdx,no,151
trash_national_day_remembrance,trash_media_response,4,/trash/media_response/national_day_remembrance,site/docs/trash/media_response/national_day_remembrance.mdx,national_day_remembrance Analysis,national_day_remembrance Analysis,trash/media_response,mdx,no,27
trash_news_sources_analysis,trash_media_response,4,/trash/media_response/news_sources_analysis,site/docs/trash/media_response/news_sources_analysis.mdx,news_sources_analysis Analysis,news_sources_analysis Analysis,trash/media_response,mdx,no,27
trash_presidential_medal_freedom,trash_media_response,4,/trash/media_response/presidential_medal_freedom,site/docs/trash/media_response/presidential_medal_freedom.mdx,Presidential Medal of Freedom: Media Analysis,Presidential Medal of Freedom: Media Analysis,trash/media_response,mdx,no,103
trash_response_timeline_compilation,trash_media_response,4,/trash/media_response/timeline_compilation,site/docs/trash/media_response/timeline_compilation.mdx,Timeline Compilation: Media Response Analysis,Timeline Compilation: Media Response Analysis,trash/media_response,mdx,no,103
trash_trump_votes_speech,trash_media_response,4,/trash/media_response/trump_votes_speech,site/docs/trash/media_response/trump_votes_speech.mdx,trump_votes_speech Analysis,trump_votes_speech Analysis,trash/media_response,mdx,no,27
trash_vance_mission_continuation,trash_media_response,4,/trash/media_response/vance_mission_continuation,site/docs/trash/media_response/vance_mission_continuation.mdx,vance_mission_continuation Analysis,vance_mission_continuation Analysis,trash/media_response,mdx,no,27
trash_response_wikipedia_details,trash_media_response,4,/trash/media_response/wikipedia_details,site/docs/trash/media_response/wikipedia_details.mdx,wikipedia_details Analysis,wikipedia_details Analysis,trash/media_response,mdx,no,27
trash_organizations_groups,Home,3,/trash/organizations_groups,site/docs/trash/organizations_groups/overview.mdx,Organizations and Groups Overview,Organizations and Groups Overview,trash/organizations_groups,mdx,no,69
trash_conservative_activist_movement,trash_organizations_groups,4,/trash/organizations_groups/conservative_activist_movement,site/docs/trash/organizations_groups/conservative_activist_movement.mdx,conservative_activist_movement Analysis,conservative_activist_movement Analysis,trash/organizations_groups,mdx,no,27
trash_doge_tpusa_connection,trash_organizations_groups,4,/trash/organizations_groups/doge_tpusa_connection,site/docs/trash/organizations_groups/doge_tpusa_connection.mdx,doge_tpusa_connection Analysis,doge_tpusa_connection Analysis,trash/organizations_groups,mdx,no,27
trash_donald_trump_support,trash_organizations_groups,4,/trash/organizations_groups/donald_trump_support,site/docs/trash/organizations_groups/donald_trump_support.mdx,donald_trump_support Analysis,donald_trump_support Analysis,trash/organizations_groups,mdx,no,27
trash_faith_freedom_coalition,trash_organizations_groups,4,/trash/organizations_groups/faith_freedom_coalition,site/docs/trash/organizations_groups/faith_freedom_coalition.mdx,faith_freedom_coalition Analysis,faith_freedom_coalition Analysis,trash/organizations_groups,mdx,no,27
trash_latino_coalition_israel,trash_organizations_groups,4,/trash/organizations_groups/latino_coalition_israel,site/docs/trash/organizations_groups/latino_coalition_israel.mdx,latino_coalition_israel Analysis,latino_coalition_israel Analysis,trash/organizations_groups,mdx,no,27
trash_paul_singer_funding,trash_organizations_groups,4,/trash/organizations_groups/paul_singer_funding,site/docs/trash/organizations_groups/paul_singer_funding.mdx,Paul Singer Funding: Financial Influence Analysis,Paul Singer Funding: Financial Influence Analysis,trash/organizations_groups,mdx,no,87
trash_philos_project_funding,trash_organizations_groups,4,/trash/organizations_groups/philos_project_funding,site/docs/trash/organizations_groups/philos_project_funding.mdx,Philos Project Funding: International Influence Analysis,Philos Project Funding: International Influence Analysis,trash/organizations_groups,mdx,no,87
trash_progressive_policy_opposition,trash_organizations_groups,4,/trash/organizations_groups/progressive_policy_opposition,site/docs/trash/organizations_groups/progressive_policy_opposition.mdx,progressive_policy_opposition Analysis,progressive_policy_opposition Analysis,trash/organizations_groups,mdx,no,27
trash_right_wing_politics,trash_organizations_groups,4,/trash/organizations_groups/right_wing_politics,site/docs/trash/organizations_groups/right_wing_politics.mdx,right_wing_politics Analysis,right_wing_politics Analysis,trash/organizations_groups,mdx,no,27
trash_tpusa_replacement_timeline,trash_organizations_groups,4,/trash/organizations_groups/tpusa_replacement_timeline,site/docs/trash/organizations_groups/tpusa_replacement_timeline.mdx,tpusa_replacement_timeline Analysis,tpusa_replacement_timeline Analysis,trash/organizations_groups,mdx,no,27
trash_point_usa_absence,trash_organizations_groups,4,/trash/organizations_groups/turning_point_usa_absence,site/docs/trash/organizations_groups/turning_point_usa_absence.mdx,turning_point_usa_absence Analysis,turning_point_usa_absence Analysis,trash/organizations_groups,mdx,no,27
trash_point_usa_founder,trash_organizations_groups,4,/trash/organizations_groups/turning_point_usa_founder,site/docs/trash/organizations_groups/turning_point_usa_founder.mdx,Turning Point USA: Founder and Organization Analysis,Turning Point USA: Founder and Organization Analysis,trash/organizations_groups,mdx,no,135
trash_other_topics,Home,3,/trash/other_topics,site/docs/trash/other_topics/overview.mdx,Other Topics Overview,Other Topics Overview,trash/other_topics,mdx,no,63
trash_topics_evidence_contradictions,trash_other_topics,4,/trash/other_topics/evidence_contradictions,site/docs/trash/other_topics/evidence_contradictions.mdx,evidence_contradictions Analysis,evidence_contradictions Analysis,trash/other_topics,mdx,no,27
trash_topics_forensic_analysis,trash_other_topics,4,/trash/other_topics/forensic_analysis,site/docs/trash/other_topics/forensic_analysis.mdx,forensic_analysis Analysis,forensic_analysis Analysis,trash/other_topics,mdx,no,27
trash_topics_investigation_challenges,trash_other_topics,4,/trash/other_topics/investigation_challenges,site/docs/trash/other_topics/investigation_challenges.mdx,investigation_challenges Analysis,investigation_challenges Analysis,trash/other_topics,mdx,no,27
trash_topics_investigation_methodology,trash_other_topics,4,/trash/other_topics/investigation_methodology,site/docs/trash/other_topics/investigation_methodology.mdx,Investigation Methodology: Research and Analysis Approach,Investigation Methodology: Research and Analysis Approach,trash/other_topics,mdx,no,71
trash_topics_miscellaneous_evidence,trash_other_topics,4,/trash/other_topics/miscellaneous_evidence,site/docs/trash/other_topics/miscellaneous_evidence.mdx,Miscellaneous Evidence: Additional Investigation Topics,Miscellaneous Evidence: Additional Investigation Topics,trash/other_topics,mdx,no,71
trash_topics_psychological_profiling,trash_other_topics,4,/trash/other_topics/psychological_profiling,site/docs/trash/other_topics/psychological_profiling.mdx,psychological_profiling Analysis,psychological_profiling Analysis,trash/other_topics,mdx,no,27
trash_topics_public_response,trash_other_topics,4,/trash/other_topics/public_response,site/docs/trash/other_topics/public_response.mdx,Public Response: Social and Cultural Impact,Public Response: Social and Cultural Impact,trash/other_topics,mdx,no,87
trash_topics_witness_reliability,trash_other_topics,4,/trash/other_topics/witness_reliability,site/docs/trash/other_topics/witness_reliability.mdx,witness_reliability Analysis,witness_reliability Analysis,trash/other_topics,mdx,no,27
trash_political_context,Home,3,/trash/political_context,site/docs/trash/political_context/overview.mdx,Political Context Overview,Political Context Overview,trash/political_context,mdx,no,65
trash_speech_campus_issues,trash_political_context,4,/trash/political_context/free_speech_campus_issues,site/docs/trash/political_context/free_speech_campus_issues.mdx,free_speech_campus_issues Analysis,free_speech_campus_issues Analysis,trash/political_context,mdx,no,27
trash_heightened_political_tensions,trash_political_context,4,/trash/political_context/heightened_political_tensions,site/docs/trash/political_context/heightened_political_tensions.mdx,heightened_political_tensions Analysis,heightened_political_tensions Analysis,trash/political_context,mdx,no,27
trash_maga_movement_antisemitism,trash_political_context,4,/trash/political_context/maga_movement_antisemitism,site/docs/trash/political_context/maga_movement_antisemitism.mdx,MAGA Movement Antisemitism: Political Context Analysis,MAGA Movement Antisemitism: Political Context Analysis,trash/political_context,mdx,no,119
trash_political_violence_debates,trash_political_context,4,/trash/political_context/political_violence_debates,site/docs/trash/political_context/political_violence_debates.mdx,Political Violence Debates: Context and Analysis,Political Violence Debates: Context and Analysis,trash/political_context,mdx,no,135
trash_israel_alignment_shift,trash_political_context,4,/trash/political_context/pro_israel_alignment_shift,site/docs/trash/political_context/pro_israel_alignment_shift.mdx,Pro Israel Alignment Shift: Political Context Analysis,Pro Israel Alignment Shift: Political Context Analysis,trash/political_context,mdx,no,71
trash_movement_exit_tweet,trash_political_context,4,/trash/political_context/pro_israel_movement_exit_tweet,site/docs/trash/political_context/pro_israel_movement_exit_tweet.mdx,Pro Israel Movement Exit Tweet: Political Context Analysis,Pro Israel Movement Exit Tweet: Political Context Analysis,trash/political_context,mdx,no,103
trash_state_department_response,trash_political_context,4,/trash/political_context/state_department_response,site/docs/trash/political_context/state_department_response.mdx,state_department_response Analysis,state_department_response Analysis,trash/political_context,mdx,no,27
political_context_us_state_department,trash_political_context,4,/trash/political_context/us_state_department,site/docs/trash/political_context/us_state_department.mdx,US State Department: Political Context and Response Analysis,US State Department: Political Context and Response Analysis,trash/political_context,mdx,no,103
trash_off_record_meeting,trash_political_context,4,/trash/political_context/white_house_off_record_meeting,site/docs/trash/political_context/white_house_off_record_meeting.mdx,White House Off Record Meeting: Political Context Analysis,White House Off Record Meeting: Political Context Analysis,trash/political_context,mdx,no,119
trash_woke_right_defamation,trash_political_context,4,/trash/political_context/woke_right_defamation,site/docs/trash/political_context/woke_right_defamation.mdx,woke_right_defamation Analysis,woke_right_defamation Analysis,trash/political_context,mdx,no,27
trash_property_locations,Home,3,/trash/property_locations,site/docs/trash/property_locations/overview.mdx,Property Locations Overview,Property Locations Overview,trash/property_locations,mdx,no,58
trash_orem_utah_location,trash_property_locations,4,/trash/property_locations/orem_utah_location,site/docs/trash/property_locations/orem_utah_location.mdx,Orem Utah Location: Geographic and Security Analysis,Orem Utah Location: Geographic and Security Analysis,trash/property_locations,mdx,no,134
trash_palentire_house_connection,trash_property_locations,4,/trash/property_locations/palentire_house_connection,site/docs/trash/property_locations/palentire_house_connection.mdx,Palentire House Connection: Property and Investigation Analysis,Palentire House Connection: Property and Investigation Analysis,trash/property_locations,mdx,no,135
trash_public_speaking_event,trash_property_locations,4,/trash/property_locations/public_speaking_event,site/docs/trash/property_locations/public_speaking_event.mdx,Public Speaking Event: Event Analysis and Security Assessment,Public Speaking Event: Event Analysis and Security Assessment,trash/property_locations,mdx,no,135
trash_university_house_ownership,trash_property_locations,4,/trash/property_locations/university_house_ownership,site/docs/trash/property_locations/university_house_ownership.mdx,University House Ownership: Property and Financial Analysis,University House Ownership: Property and Financial Analysis,trash/property_locations,mdx,no,135
trash_valley_university_event,trash_property_locations,4,/trash/property_locations/utah_valley_university_event,site/docs/trash/property_locations/utah_valley_university_event.mdx,Utah Valley University Event: Location and Security Analysis,Utah Valley University Event: Location and Security Analysis,trash/property_locations,mdx,no,136
trash_security_law_enforcement,Home,3,/trash/security_law_enforcement,site/docs/trash/security_law_enforcement/overview.mdx,Security and Law Enforcement Overview,Security and Law Enforcement Overview,trash/security_law_enforcement,mdx,no,56
trash_law_enforcement_response,trash_security_law_enforcement,4,/trash/security_law_enforcement/law_enforcement_response,site/docs/trash/security_law_enforcement/law_enforcement_response.mdx,Law Enforcement Response: Investigation and Cover-up Analysis,Law Enforcement Response: Investigation and Cover-up Analysis,trash/security_law_enforcement,mdx,no,151
trash_enforcement_security_measures,trash_security_law_enforcement,4,/trash/security_law_enforcement/security_measures,site/docs/trash/security_law_enforcement/security_measures.mdx,Security Measures: Questions and Analysis in Public Commentary,Security Measures: Questions and Analysis in Public Commentary,trash/security_law_enforcement,mdx,no,46
trash_visa_revocation_celebrations,trash_security_law_enforcement,4,/trash/security_law_enforcement/visa_revocation_celebrations,site/docs/trash/security_law_enforcement/visa_revocation_celebrations.mdx,Visa Revocation Celebrations: Security and Law Enforcement Response,Visa Revocation Celebrations: Security and Law Enforcement Response,trash/security_law_enforcement,mdx,no,151
trash_social_media_analysis,Home,3,/trash/social_media_analysis,site/docs/trash/social_media_analysis/overview.mdx,Social Media Analysis Overview,Social Media Analysis Overview,trash/social_media_analysis,mdx,no,72
trash_sam_parker_posts,trash_social_media_analysis,4,/trash/social_media_analysis/based_sam_parker_posts,site/docs/trash/social_media_analysis/based_sam_parker_posts.mdx,based_sam_parker_posts Analysis,based_sam_parker_posts Analysis,trash/social_media_analysis,mdx,no,27
trash_denizen_posts_1,trash_social_media_analysis,4,/trash/social_media_analysis/diligent_denizen_posts_1,site/docs/trash/social_media_analysis/diligent_denizen_posts_1.mdx,diligent_denizen_posts_1 Analysis,diligent_denizen_posts_1 Analysis,trash/social_media_analysis,mdx,no,27
trash_denizen_posts_2,trash_social_media_analysis,4,/trash/social_media_analysis/diligent_denizen_posts_2,site/docs/trash/social_media_analysis/diligent_denizen_posts_2.mdx,diligent_denizen_posts_2 Analysis,diligent_denizen_posts_2 Analysis,trash/social_media_analysis,mdx,no,27
trash_george_webb_posts,trash_social_media_analysis,4,/trash/social_media_analysis/george_webb_posts,site/docs/trash/social_media_analysis/george_webb_posts.mdx,george_webb_posts Analysis,george_webb_posts Analysis,trash/social_media_analysis,mdx,no,27
trash_analysis_healthranger_posts,trash_social_media_analysis,4,/trash/social_media_analysis/healthranger_posts,site/docs/trash/social_media_analysis/healthranger_posts.mdx,healthranger_posts Analysis,healthranger_posts Analysis,trash/social_media_analysis,mdx,no,27
trash_analysis_hustlebitch_posts,trash_social_media_analysis,4,/trash/social_media_analysis/hustlebitch_posts,site/docs/trash/social_media_analysis/hustlebitch_posts.mdx,hustlebitch_posts Analysis,hustlebitch_posts Analysis,trash/social_media_analysis,mdx,no,27
trash_ian_carroll_posts,trash_social_media_analysis,4,/trash/social_media_analysis/ian_carroll_posts,site/docs/trash/social_media_analysis/ian_carroll_posts.mdx,ian_carroll_posts Analysis,ian_carroll_posts Analysis,trash/social_media_analysis,mdx,no,27
trash_intel_scif_posts,trash_social_media_analysis,4,/trash/social_media_analysis/intel_scif_posts,site/docs/trash/social_media_analysis/intel_scif_posts.mdx,intel_scif_posts Analysis,intel_scif_posts Analysis,trash/social_media_analysis,mdx,no,27
trash_jg_cstt_posts,trash_social_media_analysis,4,/trash/social_media_analysis/jg_cstt_posts,site/docs/trash/social_media_analysis/jg_cstt_posts.mdx,jg_cstt_posts Analysis,jg_cstt_posts Analysis,trash/social_media_analysis,mdx,no,27
trash_john_cullen_posts,trash_social_media_analysis,4,/trash/social_media_analysis/john_cullen_posts,site/docs/trash/social_media_analysis/john_cullen_posts.mdx,john_cullen_posts Analysis,john_cullen_posts Analysis,trash/social_media_analysis,mdx,no,27
trash_media_analysis_paramounttactcl,trash_social_media_analysis,4,/trash/social_media_analysis/paramounttactcl,site/docs/trash/social_media_analysis/paramounttactcl.mdx,paramounttactcl Analysis,paramounttactcl Analysis,trash/social_media_analysis,mdx,no,27
trash_project_constitu_posts,trash_social_media_analysis,4,/trash/social_media_analysis/project_constitu_posts,site/docs/trash/social_media_analysis/project_constitu_posts.mdx,project_constitu_posts Analysis,project_constitu_posts Analysis,trash/social_media_analysis,mdx,no,27
trash_matta_media_posts,trash_social_media_analysis,4,/trash/social_media_analysis/ryan_matta_media_posts,site/docs/trash/social_media_analysis/ryan_matta_media_posts.mdx,ryan_matta_media_posts Analysis,ryan_matta_media_posts Analysis,trash/social_media_analysis,mdx,no,27
trash_social_media_coverage,trash_social_media_analysis,4,/trash/social_media_analysis/social_media_coverage,site/docs/trash/social_media_analysis/social_media_coverage.mdx,Social Media Coverage: Comprehensive Analysis and Censorship Investigation,Social Media Coverage: Comprehensive Analysis and Censorship Investigation,trash/social_media_analysis,mdx,no,135
trash_social_media_posts,trash_social_media_analysis,4,/trash/social_media_analysis/social_media_posts,site/docs/trash/social_media_analysis/social_media_posts.mdx,Social Media Posts: Comprehensive Analysis and Censorship Investigation,Social Media Posts: Comprehensive Analysis and Censorship Investigation,trash/social_media_analysis,mdx,no,167
trash_analysis_twitter_analysis,trash_social_media_analysis,4,/trash/social_media_analysis/twitter_analysis,site/docs/trash/social_media_analysis/twitter_analysis.mdx,Twitter Analysis: Platform Censorship and Cover-up Investigation,Twitter Analysis: Platform Censorship and Cover-up Investigation,trash/social_media_analysis,mdx,no,151
trash_analysis_youtube_videos,trash_social_media_analysis,4,/trash/social_media_analysis/youtube_videos,site/docs/trash/social_media_analysis/youtube_videos.mdx,YouTube Videos: Platform Censorship and Video Suppression Analysis,YouTube Videos: Platform Censorship and Video Suppression Analysis,trash/social_media_analysis,mdx,no,151
trash_zeb_boykin_posts,trash_social_media_analysis,4,/trash/social_media_analysis/zeb_boykin_posts,site/docs/trash/social_media_analysis/zeb_boykin_posts.mdx,zeb_boykin_posts Analysis,zeb_boykin_posts Analysis,trash/social_media_analysis,mdx,no,27
trash_social_media_companies,Home,3,/trash/social_media_companies,site/docs/trash/social_media_companies/overview.mdx,Social Media Companies Overview,Social Media Companies Overview,trash/social_media_companies,mdx,no,52
trash_technology_surveillance,Home,3,/trash/technology_surveillance,site/docs/trash/technology_surveillance/overview.mdx,Technology and Surveillance Overview,Technology and Surveillance Overview,trash/technology_surveillance,mdx,no,53
trash_surveillance_drones_research,trash_technology_surveillance,4,/trash/technology_surveillance/drones_research,site/docs/trash/technology_surveillance/drones_research.mdx,Drones Research: Surveillance Technology and Investigation Analysis,Drones Research: Surveillance Technology and Investigation Analysis,trash/technology_surveillance,mdx,no,135
trash_google_search_deletion,trash_technology_surveillance,4,/trash/technology_surveillance/google_search_deletion,site/docs/trash/technology_surveillance/google_search_deletion.mdx,Google Search Deletion: Digital Evidence Suppression and Cover-up Analysis,Google Search Deletion: Digital Evidence Suppression and Cover-up Analysis,trash/technology_surveillance,mdx,no,135
trash_airport_badge_access,trash_technology_surveillance,4,/trash/technology_surveillance/provo_airport_badge_access,site/docs/trash/technology_surveillance/provo_airport_badge_access.mdx,Provo Airport Badge Access: Security Technology and Investigation Analysis,Provo Airport Badge Access: Security Technology and Investigation Analysis,trash/technology_surveillance,mdx,no,135
trash_timeline_events,Home,3,/trash/timeline_events,site/docs/trash/timeline_events/overview.mdx,Timeline Events Overview,Timeline Events Overview,trash/timeline_events,mdx,no,70
12_23_mt_shooting_time,trash_timeline_events,4,/trash/timeline_events/12_23_mt_shooting_time,site/docs/trash/timeline_events/12_23_mt_shooting_time.mdx,12/23 MT Shooting Time: Critical Timeline Analysis and Investigation,12/23 MT Shooting Time: Critical Timeline Analysis and Investigation,trash/timeline_events,mdx,no,135
12_27_mt_shooting_time,trash_timeline_events,4,/trash/timeline_events/12_27_mt_shooting_time,site/docs/trash/timeline_events/12_27_mt_shooting_time.mdx,12/27 MT Shooting Time: Critical Timeline Analysis and Investigation,12/27 MT Shooting Time: Critical Timeline Analysis and Investigation,trash/timeline_events,mdx,no,135
trash_foreign_leaders_meeting,trash_timeline_events,4,/trash/timeline_events/foreign_leaders_meeting,site/docs/trash/timeline_events/foreign_leaders_meeting.mdx,Foreign Leaders Meeting: International Involvement and Timeline Analysis,Foreign Leaders Meeting: International Involvement and Timeline Analysis,trash/timeline_events,mdx,no,135
trash_hamptons_intervention_meeting,trash_timeline_events,4,/trash/timeline_events/hamptons_intervention_meeting,site/docs/trash/timeline_events/hamptons_intervention_meeting.mdx,Hamptons Intervention Meeting: Critical Intervention and Timeline Analysis,Hamptons Intervention Meeting: Critical Intervention and Timeline Analysis,trash/timeline_events,mdx,no,135
trash_meeting_september_9th,trash_timeline_events,4,/trash/timeline_events/high_pressure_meeting_september_9th,site/docs/trash/timeline_events/high_pressure_meeting_september_9th.mdx,High Pressure Meeting September 9th: Critical Meeting and Timeline Analysis,High Pressure Meeting September 9th: Critical Meeting and Timeline Analysis,trash/timeline_events,mdx,no,135
trash_18th_decision_timeline,trash_timeline_events,4,/trash/timeline_events/july_18th_decision_timeline,site/docs/trash/timeline_events/july_18th_decision_timeline.mdx,July 18th Decision Timeline: Critical Decision and Timeline Analysis,July 18th Decision Timeline: Critical Decision and Timeline Analysis,trash/timeline_events,mdx,no,135
trash_meeting_july_20th,trash_timeline_events,4,/trash/timeline_events/military_meeting_july_20th,site/docs/trash/timeline_events/military_meeting_july_20th.mdx,Military Meeting July 20th: Critical Military Involvement and Timeline Analysis,Military Meeting July 20th: Critical Military Involvement and Timeline Analysis,trash/timeline_events,mdx,no,135
trash_army_base_meeting,trash_timeline_events,4,/trash/timeline_events/nebraska_army_base_meeting,site/docs/trash/timeline_events/nebraska_army_base_meeting.mdx,Nebraska Army Base Meeting: Critical Military Base and Timeline Analysis,Nebraska Army Base Meeting: Critical Military Base and Timeline Analysis,trash/timeline_events,mdx,no,135
trash_october_15th_2025,trash_timeline_events,4,/trash/timeline_events/october_15th_2025,site/docs/trash/timeline_events/october_15th_2025.mdx,October 15th 2025: Critical Date and Timeline Analysis,October 15th 2025: Critical Date and Timeline Analysis,trash/timeline_events,mdx,no,135
trash_post_assassination_investigations,trash_timeline_events,4,/trash/timeline_events/post_assassination_investigations,site/docs/trash/timeline_events/post_assassination_investigations.mdx,Post Assassination Investigations: Critical Investigation Timeline and Analysis,Post Assassination Investigations: Critical Investigation Timeline and Analysis,trash/timeline_events,mdx,no,135
trash_roof_jumping_timeline,trash_timeline_events,4,/trash/timeline_events/roof_jumping_timeline,site/docs/trash/timeline_events/roof_jumping_timeline.mdx,Roof Jumping Timeline: Critical Timeline Analysis and Investigation,Roof Jumping Timeline: Critical Timeline Analysis and Investigation,trash/timeline_events,mdx,no,135
trash_kill_me_text,trash_timeline_events,4,/trash/timeline_events/they_are_going_to_kill_me_text,site/docs/trash/timeline_events/they_are_going_to_kill_me_text.mdx,They Are Going to Kill Me Text: Critical Evidence and Timeline Analysis,They Are Going to Kill Me Text: Critical Evidence and Timeline Analysis,trash/timeline_events,mdx,no,135
trash_witness_testimony_discrepancies,trash_timeline_events,4,/trash/timeline_events/witness_testimony_discrepancies,site/docs/trash/timeline_events/witness_testimony_discrepancies.mdx,Witness Testimony Discrepancies: Critical Evidence Analysis and Investigation,Witness Testimony Discrepancies: Critical Evidence Analysis and Investigation,trash/timeline_events,mdx,no,135
Nate_Brooksby,People,3,/People/nate-brooksby,site/docs/People/nate-brooksby.mdx,Sheriff Nate Brooksby,Nate Brooksby,People,mdx,yes,95
Suspects,Home,2,/Suspects,site/docs/Suspects/overview.mdx,Suspects,Suspects,Suspects,mdx,yes,52
Black_Clothing_Suspect,Suspects,3,/Suspects/Black_Clothing_Suspect,site/docs/Suspects/Black_Clothing_Suspect.mdx,Black Clothing Suspect,Black Clothing Suspect,Suspects,mdx,yes,126
Jeremy_Gallman,People,3,/People/jeremy-gallman,site/docs/People/jeremy-gallman.mdx,Jeremy Gallman,Jeremy Gallman,People,mdx,yes,68
Locations_Valhalla,Locations,3,/Locations/Valhalla,site/docs/Locations/Valhalla.mdx,Valhalla Danish House,Valhalla Danish House,Locations,mdx,yes,167
Locations_Goat_Island,Locations,3,/Locations/Goat_Island,site/docs/Locations/Goat_Island.mdx,Goat Island,Goat Island,Locations,mdx,yes,157
Videos_Buckley_Kash,Videos,3,/Videos/buckley-carlson-kash-patel-valhalla,site/docs/Videos/buckley-carlson-kash-patel-valhalla.mdx,Buckley Carlson: Kash Patel Valhalla,Buckley Carlson: Kash Patel Valhalla,Videos,mdx,yes,     100
